{"cameraMode":{"drawMode":0,"name":"Shaded","section":"Shading Mode"},"sceneLighting":false,"audioPlay":false,"sceneViewState":{"m_AlwaysRefresh":false,"showFog":true,"showSkybox":false,"showFlares":true,"showImageEffects":true,"showParticleSystems":true,"showVisualEffectGraphs":true,"m_FxEnabled":true},"in2DMode":false,"pivot":{"x":-1.1920928955078126e-7,"y":0.9357525110244751,"z":-0.006571471691131592},"rotation":{"x":0.010354754514992237,"y":0.9889000058174133,"z":-0.0835726335644722,"w":0.1225542426109314},"size":1.5009912252426148,"orthographic":false}