{"cameraMode":{"drawMode":0,"name":"Shaded","section":"Shading Mode"},"sceneLighting":false,"audioPlay":false,"sceneViewState":{"m_AlwaysRefresh":false,"showFog":true,"showSkybox":false,"showFlares":true,"showImageEffects":true,"showParticleSystems":true,"showVisualEffectGraphs":true,"m_FxEnabled":true},"in2DMode":false,"pivot":{"x":-0.06731028109788895,"y":1.1780363321304322,"z":-0.26061201095581057},"rotation":{"x":0.005517807323485613,"y":-0.9937524795532227,"z":0.09600476920604706,"w":0.05699433013796806},"size":1.6720036268234254,"orthographic":false}