{"cameraMode":{"drawMode":0,"name":"Shaded","section":"Shading Mode"},"sceneLighting":false,"audioPlay":false,"sceneViewState":{"m_AlwaysRefresh":false,"showFog":false,"showSkybox":false,"showFlares":false,"showImageEffects":false,"showParticleSystems":false,"showVisualEffectGraphs":true,"m_FxEnabled":true},"in2DMode":false,"pivot":{"x":0.0002148151397705078,"y":0.8508788347244263,"z":-0.0467003732919693},"rotation":{"x":0.005517807323485613,"y":-0.9937524795532227,"z":0.09600476920604706,"w":0.05699433013796806},"size":1.3502187728881837,"orthographic":false}