{"cameraMode":{"drawMode":0,"name":"Shaded","section":"Shading Mode"},"sceneLighting":false,"audioPlay":false,"sceneViewState":{"m_AlwaysRefresh":false,"showFog":false,"showSkybox":false,"showFlares":false,"showImageEffects":false,"showParticleSystems":false,"showVisualEffectGraphs":true,"m_FxEnabled":true},"in2DMode":false,"pivot":{"x":0.21458491683006288,"y":0.18372100591659547,"z":0.34446802735328677},"rotation":{"x":-0.05650579556822777,"y":-0.9407345056533814,"z":0.19639720022678376,"w":-0.27072829008102419},"size":2.1735119819641115,"orthographic":false}